{
  "$schema": "https://openapi.vercel.sh/vercel.json",
  "framework": "nextjs",
  "buildCommand": "npm run build",
  "outputDirectory": ".next",
  "installCommand": "npm ci",
  "regions": ["iad1"],
  "functions": {
    "app/api/**/*.ts": {
      "maxDuration": 30
    }
  },
  "headers": [
    {
      "source": "/api/(.*)",
      "headers": [
        { "key": "Cache-Control", "value": "no-store, must-revalidate" },
        { "key": "X-Content-Type-Options", "value": "nosniff" }
      ]
    },
    {
      "source": "/(.*)",
      "headers": [
        { "key": "X-DNS-Prefetch-Control", "value": "on" },
        { "key": "Strict-Transport-Security", "value": "max-age=63072000; includeSubDomains; preload" },
        { "key": "X-Content-Type-Options", "value": "nosniff" },
        { "key": "X-Frame-Options", "value": "DENY" },
        { "key": "Referrer-Policy", "value": "strict-origin-when-cross-origin" }
      ]
    }
  ],
  "redirects": [],
  "rewrites": []
}
